phi1,phi2,g11,g22,g12,g21
0,0,278.2717715302423,277.9849394587461,-0.9844542715117467,-0.9831407568255969
0,1,278.23909272258095,285.17467754354334,-1.0469511236356963,-1.049604905133998
0,2,278.21677030070066,361.82704372929186,-0.5859579779184044,-0.5654279257070663
0,3,278.2847282585934,399.3739699552312,0.22968501263550423,0.23061086374760767
0,4,278.2069269703704,426.0274066148973,1.01117417343578,1.0138721428718251
0,5,278.2500687454336,462.18816160227897,1.553733795093554,1.552545639605912
0,6,278.3735467896289,454.13345507581255,2.383881345143836,2.3879971663669504
0,7,278.43162041750645,412.12140994606546,4.032957063782611,4.03515387747579
0,8,278.53812304573603,428.2152053238982,6.512233010474163,6.515598254464894
0,9,278.73782737870465,374.5329226035412,8.00322887359892,8.017614423308016
0,10,279.01027755224567,263.0488517524202,5.642235024275002,5.64382220944809
0,11,279.3785795433749,237.26356917139054,0.025924975087561315,0.03501098781818744
0,12,279.35482482567824,358.4711235091379,-4.755382896618465,-4.769358365096014
0,13,278.9839253800236,609.4382561109711,-7.377203820558714,-7.326022411315376
0,14,278.78117873431853,842.7326107959883,-7.631768802075678,-7.637827229951656
0,15,278.4860475035755,919.4435571090538,-6.32575666080487,-6.330766461069861
0,16,278.3991800784003,874.3535281645956,-4.40878080315064,-4.415928345813551
0,17,278.3487980129982,773.2073450565078,-2.224382166518573,-2.2271809428707585
0,18,278.2951628418578,659.5169380184366,-0.7517403135590813,-0.741037398450607
0,19,278.2552971894784,467.8361411815047,-0.5411095835770877,-0.5301624412431084
1,0,284.895064782546,277.96093886710736,-0.545417026790026,-0.5437827720457967
1,1,284.9448059756476,285.157041413405,-0.5644999337385405,-0.5547308240141965
1,2,284.95062883527993,361.8646991266363,-0.2462648421551333,-0.2610937174558273
1,3,284.8903829521957,399.3408466660256,0.33464254683755956,0.3414336957472317
1,4,284.97294505559506,426.10139244631785,0.9972090289658526,1.029534162685001
1,5,285.0326067023763,462.2276821675959,1.5840725429385079,1.5825017824515042
1,6,285.06039674732347,454.16262029794535,2.44627445626522,2.463207029348471
1,7,285.05656481868175,412.16520994021715,4.1927739557186605,4.1968724125876475
1,8,285.2407104713664,428.29598996439563,6.986945594048246,6.9900627042270544
1,9,285.49663275734383,374.60687094206844,8.911944197038828,8.902040425652821
1,10,285.9115721057922,263.00034017405363,6.521106782181089,6.512999580392095
1,11,286.18131267932955,237.2305769082687,0.4114901796361367,0.4216521492960201
1,12,285.9777581100936,358.5817923520874,-4.656282399835337,-4.652745065777966
1,13,285.71451230823,609.6188267426176,-6.966883393609883,-6.956888178759467
1,14,285.28889615336544,842.705987753218,-6.297757907885084,-6.317370920735464
1,15,285.099033044251,919.3428117391678,-4.179880575168269,-4.2026566496698035
1,16,285.02444879394164,874.2734249254559,-2.440418238678678,-2.442229921546974
1,17,285.0215437995089,773.2442323441287,-1.1139418658983953,-1.1416549288277997
1,18,284.94700738750265,659.4896944158079,-0.3741426385716607,-0.37064343120032905
1,19,284.95654176793823,467.8150972221497,-0.31917819216190835,-0.31763129508671867
2,0,362.04033149643044,277.9262699933218,-0.06036966627880072,-0.0634979780252492
2,1,362.0507337494933,285.1934959736474,-0.1262004830332045,-0.12501668703969468
2,2,362.06565564726014,361.85480232578,-0.10789251830734255,-0.11211547028302253
2,3,361.9351113014909,399.3956753908919,0.06107508657586794,0.05770391323251594
2,4,362.08952773656245,426.1807964220547,0.3922196242659476,0.41214745621155885
2,5,362.0968863459329,462.2228387140357,0.7925486876040391,0.7893402176364245
2,6,361.989482308805,454.25069550399746,1.500232344863765,1.497341101299236
2,7,362.10419259802325,412.250882790917,2.9150199990293366,2.9111127978433537
2,8,362.23952695780014,428.5355388441062,5.34512312488399,5.352499338071144
2,9,362.60777818885265,374.900218055834,7.424218536123543,7.419391913691108
2,10,362.7056649825038,263.0875783992692,6.032301224287402,6.028578023045472
2,11,362.8635413517914,237.2782388645102,1.58121387228151,1.565954971287706
2,12,362.66635695192656,358.88479067195163,-1.6573056424520851,-1.659976586768124
2,13,362.2111269802781,610.0302792472563,-1.9881291670270547,-1.9680131027102499
2,14,362.0648121443376,843.2187508289998,0.18198461313725134,0.20777029909240893
2,15,362.06560777960954,919.5790376024657,1.8475918239539568,1.8454240434863596
2,16,362.02861293792085,874.3570312078062,1.7359053616979012,1.735901738084905
2,17,362.0442193799707,773.2182934390485,1.025862189289183,1.036998146883247
2,18,362.0908494257597,659.5693119848053,0.39091991714808616,0.3961999705912218
2,19,361.99493558679643,467.8798546385111,0.045922512718802086,0.03573038902937026
3,0,399.4519421741915,277.94185884157764,0.3335490134773256,0.3436930744377266
3,1,399.4685129434907,285.0399035254464,0.13113847458411398,0.1324819427192206
3,2,399.4965344547281,361.76916918292255,-0.34761511218706775,-0.33429181159699756
3,3,399.47521967676727,399.4048262320315,-0.8845167425508894,-0.8829599266019034
3,4,399.5853921314303,426.0700632198904,-1.2531106978187458,-1.2468449661524514
3,5,399.4313632940964,462.30229729760833,-1.3177782917285523,-1.337790350234552
3,6,399.5652443080819,454.2728523358421,-1.225452190643129,-1.2170954037281378
3,7,399.5232764287579,412.3682320707055,-0.8234222368868369,-0.8382493567204037
3,8,399.55565880662164,428.7821326153731,0.13036463208163215,0.13109478413540077
3,9,399.59849098570004,375.2153245812771,2.0865339730490526,2.0573536690304235
3,10,399.705313660165,263.2262375124127,3.9876391472452486,3.9973164870551283
3,11,399.8767072961084,237.333124505917,4.962815908192434,4.946546204768943
3,12,399.7987755453595,359.30200947840376,6.1426548367641916,6.141084217131541
3,13,399.80978848007265,610.7697716766279,8.654115200083593,8.664893151537685
3,14,399.70683009859664,843.8786447791706,11.248669738457265,11.251704812984325
3,15,399.8525927336705,919.9689906002759,10.561825169860096,10.591344126956905
3,16,399.6945100127149,874.4769120063045,7.294598677440393,7.306381908273468
3,17,399.5680035587037,773.3108637646623,3.8505327635788222,3.836655824127837
3,18,399.5912251402687,659.5727577737414,1.4384793675992054,1.4375620618226495
3,19,399.41082544400086,467.85005914517427,0.45011817187944136,0.44787357753117024
4,0,426.0765236464476,277.92162191971954,0.4364869998041973,0.43500921348943217
4,1,426.07076250133576,285.1157965998512,0.03917816759023137,0.03567859508706331
4,2,426.06548560045843,361.79977216517784,-0.8539101239768957,-0.8348280493739599
4,3,426.1194126862719,399.327518320712,-2.0200206771496245,-2.033747666083453
4,4,426.0315621151651,426.20405312800614,-3.089660813781619,-3.0857976399727858
4,5,426.19599549661336,462.3444998287141,-3.73356696526139,-3.7206008130519557
4,6,426.1256206179095,454.4052649808924,-4.39679316875512,-4.399597255552744
4,7,426.1446139521001,412.5322503598188,-5.235557159396385,-5.215946410370655
4,8,426.31303420714386,429.0155487070932,-6.0559971040356695,-6.04712020280405
4,9,426.5714412262096,375.5562711561053,-4.560628690553869,-4.553722709938375
4,10,426.7448861148336,263.3486254636318,0.9320969158367791,0.9393256138674672
4,11,427.03483216781626,237.40431350047135,8.097045358993649,8.106177003599372
4,12,427.0815972956567,359.60335191384866,14.524484140391465,14.497116857939242
4,13,427.1858144213838,611.3813976988812,19.926040047501928,19.892895493532876
4,14,426.96263680811825,844.3942529922458,21.98240432443915,21.97731759578046
4,15,426.7357596692245,920.2188853466671,18.18550723362189,18.210974756521914
4,16,426.3618207888872,874.5637515177525,11.884457237784764,11.872043528455098
4,17,426.2938570224314,773.2685046905847,6.165232166525247,6.154150393476004
4,18,425.9529294013682,659.4998389460812,2.3685123934335244,2.336631181065507
4,19,426.0400853856717,467.9174732177748,0.7243206856560278,0.7116301863840027
5,0,462.22448318852696,277.89179332133705,0.3459775146504939,0.3427913630312722
5,1,462.2176624800139,285.1552769625779,-0.20774325341192673,-0.21589335017941774
5,2,462.225582823135,361.8779547789527,-1.3295803396651604,-1.346170264561335
5,3,462.2437153341772,399.2338507143608,-2.883901604520374,-2.884697307311228
5,4,462.32307471959246,426.09979856294603,-4.4121565167208345,-4.435991355111829
5,5,462.3016917557568,462.2898100093435,-5.588205461804107,-5.5874957386494035
5,6,462.47283110729376,454.3480745384945,-6.966976948613276,-6.958927230717334
5,7,462.59043995163444,412.5414515090245,-8.732642880707408,-8.727390258338533
5,8,462.7229857685747,428.9114820458608,-11.058073926883388,-11.04588697350135
5,9,463.12650001109165,375.34865073294526,-10.388026074887811,-10.373503967454901
5,10,463.7084292790594,263.280424343614,-2.8911070680501716,-2.904863604742205
5,11,464.14845136530454,237.43725067805687,8.965153804750296,8.951381910096002
5,12,464.3440148484356,359.6286275845278,20.544719830012447,20.550084584684143
5,13,464.1808789738942,611.6552532686759,29.095065942486325,29.07270179569829
5,14,463.8020113965781,844.5492485394781,30.238258981781694,30.141552240982524
5,15,463.0597949583768,920.293403808912,23.454800484155342,23.474544496517172
5,16,462.7129727068826,874.5934257358873,14.844367857743183,14.814561772434553
5,17,462.3740601566592,773.4040581117205,7.680003815766918,7.682149319669496
5,18,462.263408378449,659.5087971611506,3.007398599679261,2.9909491963239407
5,19,462.27970237664454,467.8230802605144,0.8620981858273038,0.8718439458155778
6,0,454.1169274127058,278.013743822404,0.22528870228199413,0.2158710106076399
6,1,454.17174853356516,285.02119428490215,-0.3851251467604056,-0.3756968151328504
6,2,454.248520755457,361.85775397932014,-1.519125278113946,-1.5372533691180088
6,3,454.2128055391711,399.41464354363154,-3.132124971392844,-3.130875897893175
6,4,454.26737718068506,426.09123329317663,-4.800911653537478,-4.819349159712658
6,5,454.33084969633796,462.3375651814795,-6.272975918772265,-6.25199697687328
6,6,454.4326009361326,454.3070110660066,-8.09424007530597,-8.08333730724137
6,7,454.6172586202986,412.4145379628902,-10.315054064853848,-10.311107281852752
6,8,454.82839845542566,428.65661262835744,-13.47086206186501,-13.479039239096139
6,9,455.34321570940244,374.93938816185545,-13.579233041058623,-13.578064086281254
6,10,456.092661185618,263.0760407924995,-6.029843315263722,-6.030228113088994
6,11,456.73881157309,237.3807750704683,7.194296840923672,7.183511221300657
6,12,456.7810919927673,359.3929755342518,21.352904040965797,21.389628625904436
6,13,456.48710484222744,611.2208887163958,31.814040427751415,31.807305903677943
6,14,455.9392326008085,844.2514193834256,32.41952335524544,32.345625336814685
6,15,455.2344676191742,920.0515376652935,24.437831297498903,24.47248471422758
6,16,454.8024191156744,874.5157992063744,15.240689635613725,15.225490963617414
6,17,454.42301671558266,773.3015126438067,7.908700769026241,7.911244087724812
6,18,454.3556129650473,659.5187739848549,3.119163066534785,3.141259867889303
6,19,454.18575276379096,467.8234731289259,0.8763185503226781,0.8756843660655654
7,0,412.03284564445937,277.9947703586808,0.1817778352949543,0.16710468893146488
7,1,411.99629273082223,285.08466667499005,-0.35862691530589585,-0.3510463907120984
7,2,412.04931911274434,361.8944409871404,-1.3573109815819637,-1.3444550751387119
7,3,412.08492308070595,399.36928885561326,-2.8110400144096555,-2.787503422456592
7,4,412.16260915760745,426.1387430640684,-4.345719431782602,-4.308264716242894
7,5,412.1862571590064,462.2035386148826,-5.794558153871938,-5.7969152938936706
7,6,412.2703191775642,454.23945418693256,-7.68121988957627,-7.676169206477899
7,7,412.3568741741037,412.3396579562084,-9.991784153402216,-9.976429913835226
7,8,412.64029399357105,428.4315658280783,-13.185497877232764,-13.1889635622713
7,9,413.0655839159131,374.65741055804176,-13.558497068973104,-13.574835295417229
7,10,413.6495049926076,262.9344688965489,-6.926128399855656,-6.927211781930609
7,11,414.09788178168964,237.30413148546674,4.796353430574572,4.759895897839936
7,12,414.25005595833636,359.05846887267995,17.761138910255696,17.772652192404728
7,13,413.8726618250378,610.6369404411195,27.583706454876907,27.571890267181118
7,14,413.23229315221795,843.7638393169275,28.362177598674187,28.348979533301986
7,15,412.76472349475284,919.7151668539501,21.412109305818312,21.43691219202763
7,16,412.544838064294,874.4133776233602,13.398979913458145,13.394263232723718
7,17,412.21098347890364,773.1891425196285,6.999031767387088,7.02852504082431
7,18,412.09471670240106,659.5145304655406,2.795651679110148,2.78277375970285
7,19,412.1090994748609,467.8243702181666,0.7959598204587428,0.8013513932033275
8,0,427.99458188240243,277.9876106844472,0.2033371464126309,0.1934292144378864
8,1,428.03848321624076,285.08964862177976,-0.25550498699823004,-0.256750524918309
8,2,427.95998129147904,361.9113491430144,-1.1114109723092664,-1.1075295386011828
8,3,428.0131627161183,399.42024153314213,-2.3593543856811396,-2.3375021339679285
8,4,428.07129836655156,426.06594643126544,-3.7175058642822596,-3.7008419592629402
8,5,428.09152467679303,462.05969496253573,-5.084872675820295,-5.086964456297317
8,6,428.1519997109138,454.2255013377791,-6.857718626369242,-6.859498054653812
8,7,428.26703354186793,412.2369212080369,-9.030004996618862,-9.019229392449315
8,8,428.46556158949386,428.2590736760674,-11.982433648445026,-11.978029645836894
8,9,428.62443989170345,374.4363528236983,-12.4453459069212,-12.462296640659083
8,10,429.11412154790094,262.8881099549031,-6.883341167037199,-6.875030966908658
8,11,429.48079988436746,237.18331036866905,2.9675315390137946,2.9558738751309592
8,12,429.5694687380183,358.76183786418346,13.98126594206995,13.96936557581542
8,13,429.2245898730491,610.085569005884,22.684788687086655,22.66734139426125
8,14,428.7975248337148,843.2787387504733,23.857974290339655,23.83936534879561
8,15,428.3688483894909,919.5821360514547,18.308598398090144,18.334770672748164
8,16,428.216554153172,874.3219717283894,11.592253636352496,11.570509532425003
8,17,428.10654100700884,773.3117182382294,6.124767456309708,6.086798592137458
8,18,428.04169364797576,659.505440705119,2.469228296243243,2.4787462080751834
8,19,427.99708016848354,467.8289896039472,0.7202356033103222,0.7109203319671927
9,0,374.17345635260995,277.8963700524994,0.1920493786419465,0.17660123700354502
9,1,374.1800355623098,285.210303579533,-0.1303426989073601,-0.12571821856213627
9,2,374.1717589177088,361.8438289518112,-0.7439731941470263,-0.7503602218112843
9,3,374.1779963948128,399.390302968421,-1.705174973463866,-1.6732851677343696
9,4,374.21875921770476,426.02495100853,-2.705396046157783,-2.694301292602741
9,5,374.2480290970957,462.0622029237869,-3.7393856750284185,-3.7432434046454652
9,6,374.29172419416307,454.4122472591014,-5.139860770001122,-5.12802426596847
9,7,374.35470715705105,412.0488417535123,-6.821175160682789,-6.812493710532539
9,8,374.43109714678275,428.15783955884694,-9.111180116959966,-9.11834165051658
9,9,374.5855905885139,374.3647510758803,-9.582229249357407,-9.594155121513813
9,10,374.6396138498268,262.87190990190317,-5.666163631248676,-5.672679669853183
9,11,374.84724632514,237.15699039676903,1.3681880919796594,1.3691188634352163
9,12,374.8943361985805,358.57455795398005,9.316321553196847,9.305814631770632
9,13,374.72601987276187,609.5366883948049,15.769786448006766,15.774582733152476
9,14,374.54350912573193,842.828390725558,17.032850087052125,17.032625776831768
9,15,374.3431747046624,919.4305813347203,13.315323581811718,13.338824846280056
9,16,374.17153592117694,874.1627221688451,8.560661008204582,8.550453487167855
9,17,374.11409022491233,773.289109002859,4.547046901510404,4.54160352550059
9,18,374.18598076022425,659.8454053776304,1.8520831150644737,1.8310010699614523
9,19,374.17656878486827,467.93176370675184,0.5798411222006004,0.5464100968169359
10,0,262.8067026513859,278.01803543534345,0.12802958154061975,0.1414861512614574
10,1,262.8137942618402,285.2400127043902,-0.02783917048637325,-0.030852135361850393
10,2,262.814329104664,361.8403288280582,-0.3850508006767362,-0.4000022897202659
10,3,262.81863210652455,399.37940955405577,-0.9412843026904458,-0.9383900368664355
10,4,262.815018236179,426.0006568702432,-1.5356846621231521,-1.5465416924090614
10,5,262.8244419820783,462.1658321647963,-2.18206229430261,-2.175891235270473
10,6,262.8330619562311,454.1991595255852,-3.04381050084161,-3.0263259726970606
10,7,262.848393380467,411.9875669852767,-4.0801092752497015,-4.097130808312306
10,8,262.8875636235518,428.1559651354673,-5.548744744749464,-5.550268014440399
10,9,262.9369239941961,374.33801056004125,-5.922005157590417,-5.929062199131638
10,10,263.0501936364445,262.8624534060127,-3.6803884890311807,-3.688870319896323
10,11,263.05843469145213,237.19181531850924,0.3643716223892978,0.34226072919838646
10,12,263.06452448556325,358.4723789235958,4.838969897706441,4.846912561487499
10,13,263.0119587605237,609.4312195231356,8.41500456018225,8.427515860045919
10,14,262.9541418873757,842.7344813739927,9.094971711499888,9.106795303074243
10,15,262.89533020557104,919.3361312277258,7.144465999420915,7.135147953571226
10,16,262.8379223885291,874.2178299480615,4.629319597205335,4.6296525460648
10,17,262.75673944681,773.2740423960314,2.492555759855123,2.4908050629582075
10,18,262.8128456308769,659.6039757501906,1.0333713118679801,1.0397479960202392
10,19,262.8089705617125,467.93745910274896,0.32772485954418484,0.3391125965675776
11,0,237.27074320592,278.04197352154614,0.026483779694999175,0.015990434503009326
11,1,237.27374336175387,285.1455218293025,-0.025450876404540926,-0.015156894930495626
11,2,237.27237163851905,361.77982583211457,-0.11020124680515343,-0.12084878058117102
11,3,237.27431079265213,399.51749541843105,-0.29428804646197493,-0.29915492332265353
11,4,237.2772268105998,425.9902252637222,-0.4947511985316552,-0.5125936721006775
11,5,237.2783322458875,462.1538137480106,-0.7768258266899476,-0.7883160722111385
11,6,237.27869617303293,454.0592070150931,-1.1556153847888946,-1.168858850690154
11,7,237.284989418847,412.09257276735167,-1.6485926617701931,-1.6656283761029034
11,8,237.2910985067128,428.14299657796226,-2.2958626082527918,-2.335782983335003
11,9,237.29891014169922,374.2600245043146,-2.524638964651993,-2.5301754595809176
11,10,237.31596030643655,262.78852883562473,-1.6104803686878144,-1.6128382080486552
11,11,237.30137065135872,237.21856826694628,-0.08014046524126105,-0.07910667909206343
11,12,237.24863492029132,358.42115474763403,1.3266129616714113,1.3344289063679513
11,13,237.2803224223678,609.3704402548472,1.9910520464482926,1.9920423289467646
11,14,237.2771136885132,842.71445830192,1.557681548940963,1.5468897245552178
11,15,237.26447791242413,919.4273729110682,0.9231803522955689,0.9254740102035859
11,16,237.2467514534914,874.1842785475492,0.583374327819671,0.5799110510998139
11,17,237.26601269618536,773.2868893194582,0.3250548229956991,0.2928829691460449
11,18,237.26603859403747,659.4926145545456,0.1218646989125679,0.13214283754714548
11,19,237.2702504671825,467.95933287787153,0.04858802303538134,0.04149817590635004
12,0,358.25550436374004,278.04033350205907,-0.14064931474677062,-0.1383729382119699
12,1,358.2167138377289,285.20606036179026,-0.049644344500115775,-0.05731251470813015
12,2,358.2739430318017,361.8545654926568,0.09671529669725613,0.1021226461907983
12,3,358.2890509685575,399.40562881805374,0.28204672320337837,0.2584659546787369
12,4,358.2460858166451,426.0613796847755,0.4416728383754242,0.41321810181710456
12,5,358.2904466990754,462.15570082414445,0.45851626924917693,0.4903283585911736
12,6,358.21339045517976,454.2109605876346,0.4633127245631502,0.48902267542406014
12,7,358.3138759780168,412.07164863074394,0.45983783607492396,0.4591126510565345
12,8,358.244678127233,428.1779934210281,0.4102001214365518,0.4097538862042034
12,9,358.2803928295554,374.3490553456941,0.3558746598326082,0.34682763847966686
12,10,358.3007253365276,262.87514122743556,0.2269703029748241,0.22720192796368743
12,11,358.25357125511175,237.2509759927481,-0.2668242355599871,-0.2559616470217369
12,12,358.35007380447445,358.42412460774125,-1.5206853571521057,-1.518882683533559
12,13,358.3353208375297,609.3700923356316,-3.886276779153435,-3.8932190069829504
12,14,358.34692805644914,842.7853233774763,-6.104482518923049,-6.113629707004909
12,15,358.2746736215405,919.547715203219,-5.86851684416789,-5.85051538489097
12,16,358.29915385333777,874.3092031477681,-3.9921090147547096,-4.010116675075139
12,17,358.2930089702423,773.1433567324685,-2.165254944537848,-2.14203814610543
12,18,358.31016857057244,659.6452772940002,-0.9070403585725697,-0.9119861859327167
12,19,358.22227298465185,467.82991732921386,-0.30108235048707255,-0.2630282395559569
13,0,608.6051688099333,277.9237803148264,-0.4201449086017222,-0.4235717969016123
13,1,608.5637721686905,285.17729663482214,-0.18829342915076178,-0.17825526747612816
13,2,608.5381442280566,361.7599481667191,0.3061377421429813,0.2960707531098557
13,3,608.5993479377615,399.32492847360066,0.9133701911145655,0.9179051812653746
13,4,608.5452312332076,426.13133165743056,1.4688088189573263,1.4762419549364496
13,5,608.5326286068744,462.13698670433854,1.8986030441689383,1.880372966289151
13,6,608.5802524541925,454.27739553126884,2.274760196746209,2.284373514520433
13,7,608.5999163476691,412.1985049763046,2.706608157779717,2.7147695125895837
13,8,608.580108324683,428.1428758206724,3.296637019094734,3.3192342450555063
13,9,608.5843924480798,374.4413080500166,3.382874373184652,3.399851588130756
13,10,608.6279594601938,262.93957644266067,2.27032947975147,2.268507279937471
13,11,608.6766485763615,237.2371889171402,-0.2237677950110248,-0.23070086979482132
13,12,608.7987376354948,358.36552248268606,-4.239232769310503,-4.246347836377293
13,13,608.8790009556684,609.5051092009727,-10.246719601350472,-10.235705833454858
13,14,609.1592043723087,842.9921543576916,-15.280232949363004,-15.24675639424012
13,15,608.9782176812258,919.7874446823433,-14.548725923634965,-14.551000630723347
13,16,608.9016581908608,874.4503250912768,-10.104930141764994,-10.117921071865979
13,17,608.6445901082722,773.4964247319597,-5.550365821508376,-5.5485783055314455
13,18,608.6740034943655,659.5450632930609,-2.3155226154653814,-2.3499677978138607
13,19,608.6071583771771,467.8762350037278,-0.8064926787445693,-0.8036957872507825
14,0,841.8102746884922,277.9758456580854,-0.9714887863990864,-0.9723431733943482
14,1,841.7787390272091,285.17634074866237,-0.5565912885130221,-0.5627669499555195
14,2,841.8209787221441,361.8097777714986,0.360797326454781,0.3876099076667693
14,3,841.8115417735787,399.40916930390915,1.6102679267846696,1.6262541487004005
14,4,841.8875190028324,426.0064095893039,2.741100045347782,2.73677547546313
14,5,841.8610126646753,462.1331469042448,3.612642828636637,3.5825687709478107
14,6,841.882679849039,454.3268517165631,4.5583644146672935,4.57481827753425
14,7,841.8656614613149,412.2397370909404,5.7469041061596595,5.7571665571066575
14,8,841.8824556158644,428.3041222426746,7.4048641400763815,7.429301572558131
14,9,841.9683187984418,374.50203250354497,7.870019711817814,7.899789878469996
14,10,842.1403706186187,263.0195354299319,5.527337873705024,5.529839919491743
14,11,842.3348239911277,237.25447790488172,0.4398535937590708,0.42569727106961935
14,12,842.6698739702814,358.434901492079,-6.96979014888268,-6.986944683693601
14,13,843.040523349748,609.5638273195063,-17.442641037062515,-17.48111822927167
14,14,842.9468659061454,843.4005737358584,-26.761700020260786,-26.76701910997858
14,15,842.526210761454,920.2448504120756,-26.27408203245313,-26.252144519233305
14,16,842.278428995173,874.7234179112602,-18.643491710938342,-18.661501269862796
14,17,842.2692465122686,773.346924351626,-10.365801558348663,-10.391912037743632
14,18,841.9703304026723,659.5673252155934,-4.386837782772792,-4.411890615534286
14,19,841.9583162447672,467.8054462248491,-1.5915394618444336,-1.6118004681148719
15,0,918.769601007377,278.00895686583124,-1.8368645252202775,-1.8438712281259928
15,1,918.7469520730081,285.23356328840487,-1.3336697743379244,-1.3264165712610307
15,2,918.7036789979278,361.8187264407367,0.07959199932618727,0.10219714513602163
15,3,918.831363314846,399.4046227243101,2.085191166420171,2.087917604491663
15,4,918.8908218048508,426.00273397981334,3.873679129748444,3.878104544631632
15,5,918.9248470612382,462.1539747667993,5.214030826527523,5.188047682405582
15,6,918.9765568375697,454.16480108577053,6.8045324886317164,6.8212656551264415
15,7,919.0433181872568,412.1819309210403,8.995282532697884,9.007955485984454
15,8,919.1644651410145,428.38086768503666,12.13055728821424,12.155693769608993
15,9,919.3839816252092,374.67322666311077,13.396837319021039,13.424948561219237
15,10,919.763171601522,263.12733819875456,9.895692765066636,9.924575791970424
15,11,920.2412661306874,237.32785830492563,2.085654869599704,2.090171848180017
15,12,920.8022163207523,358.49217758208925,-8.51899350766788,-8.51859139583252
15,13,921.4482490947854,609.6509426886083,-23.182887948529505,-23.13141098224445
15,14,921.5375462876949,843.7249483689282,-37.33743093729021,-37.32235432541018
15,15,920.9442218191097,920.804391068412,-38.1494664044992,-38.142750828618894
15,16,920.0696279959102,875.0918460409207,-27.804256883163273,-27.81337511576815
15,17,919.4467278906185,773.4924061305096,-15.568810456990846,-15.61391798627041
15,18,919.0372759258082,659.6986981741136,-6.644075714685205,-6.699085390036704
15,19,918.8337823385623,467.82701555179386,-2.578162664994892,-2.615431135423073
16,0,874.200287083837,277.8769497920141,-2.7973427519415086,-2.799322233311506
16,1,874.1358895605896,285.1965118493551,-2.321812507732738,-2.3288798271954967
16,2,874.1554149893243,361.8476135376729,-0.5400667141134738,-0.5561584917811188
16,3,874.2673692947536,399.35545910036,2.001213358228451,1.9793607917869682
16,4,874.2832301619449,426.0160942717234,4.2302854326110175,4.274277234359036
16,5,874.3656726301567,462.1428195545315,5.83086655681476,5.867399826896836
16,6,874.4713553039585,454.27371874387865,7.821123355028023,7.849274558019849
16,7,874.5750538087095,412.2919755946903,10.864972487670515,10.873057446546689
16,8,874.772405897274,428.4196799734799,15.211181712989516,15.230654946726194
16,9,875.1499290564168,374.87463513145434,17.31878413174904,17.31082525571284
16,10,875.7581782012802,263.30395637273983,13.174446498105308,13.175093761858225
16,11,876.5894163683504,237.36158072489954,3.5550202745044257,3.5512319217056314
16,12,877.6092143520531,358.4458706355761,-8.550817892902987,-8.541721874988554
16,13,878.3719620397314,609.4768497167098,-24.60296068921384,-24.60736426531927
16,14,878.6026070641908,844.2970875127436,-41.650522685583674,-41.591830370519006
16,15,877.7130946185442,921.3339981462275,-44.371661321312125,-44.32176686498613
16,16,876.3649847784673,875.4317580333785,-33.19502984749694,-33.158007332240885
16,17,875.4102617109646,773.830212523479,-18.761100529590962,-18.694875652002157
16,18,874.7729299982559,659.5752896856993,-7.979902790112236,-7.942276563396728
16,19,874.3657259812529,467.7846876337779,-3.318672283625297,-3.324141702440418
17,0,773.5518554185918,278.0535903003899,-3.281662755132204,-3.2685156464976104
17,1,773.4381340673684,285.2197516522965,-3.009955725555812,-3.0267481440955684
17,2,773.4435103297235,361.80574708605843,-1.2705040010784074,-1.245588341603194
17,3,773.5272613385874,399.4680370814692,1.3528122680277537,1.3393409178361924
17,4,773.6535959651065,426.0722900900754,3.5494644484499105,3.5509304438116898
17,5,773.7063194385307,462.0444877784633,5.002639805998628,4.9826089879930695
17,6,773.8459469615085,454.2907831319857,6.885339244559872,6.859201500558654
17,7,773.989182879304,412.2630817194434,9.974428839324592,9.977199563609537
17,8,774.2108482058435,428.50124703530247,14.380650686706177,14.380983953022671
17,9,774.6166823184074,375.0210037851354,16.4631847269569,16.45282222002513
17,10,775.3459985498567,263.3953356422449,12.19884471041388,12.179853976843996
17,11,776.1561819044945,237.42094061377463,2.497669945803641,2.4769782551944033
17,12,776.8142838714717,358.5414298552407,-8.522697373135442,-8.542656354564874
17,13,777.3494919823617,609.7448064636587,-21.43050016378667,-21.424609162714308
17,14,777.4632908935023,844.281062780515,-35.010980275334866,-34.91742974926319
17,15,776.8229523792364,921.5037568726576,-38.47912598926397,-38.45158211052035
17,16,775.7310279268165,875.5838484927106,-29.773275322085766,-29.821494295123205
17,17,774.787713651392,773.7564213016135,-16.984770117758526,-16.96936539697545
17,18,774.1806307839912,659.5517456602382,-7.091639592598169,-7.122192531679828
17,19,773.7446777727312,467.80159775119813,-3.18804865325338,-3.226567113955675
18,0,659.9883284183059,278.0099440142098,-2.82317110501751,-2.8178287843351684
18,1,659.8693484038951,285.1897856625306,-2.8273332576263197,-2.826908755112962
18,2,659.8994444206986,361.84821035850376,-1.4766141295083488,-1.456460107837176
18,3,659.8527996944465,399.3229990470502,0.514973789762622,0.5006939077676202
18,4,659.936154415806,426.0191393519713,2.1614663466291852,2.1846317432112756
18,5,660.0496871831589,462.23009516249164,3.155457964434144,3.1462629958525152
18,6,660.1156429186543,454.15711481666875,4.513498439314834,4.524504109779257
18,7,660.1546947475936,412.2382819087575,6.934471885402158,6.93772443913536
18,8,660.3116592887934,428.4488375508946,10.202232197302683,10.209737188555042
18,9,660.6186384990073,374.9540083026185,11.503251891364096,11.540559973976173
18,10,660.9510142483244,263.3720156317898,7.670178694202966,7.724355922961379
18,11,661.4162911292407,237.42403223596705,-0.30528239667186974,-0.26898104446818905
18,12,661.7588635061463,358.52517559601785,-8.255181843824744,-8.235107739586908
18,13,661.8109449820201,609.6913901600733,-15.129287997766927,-15.076902587478244
18,14,661.7124907022275,843.6464802642286,-20.542089114545593,-20.46537990906414
18,15,661.4309285113811,920.8763695574218,-22.060038659888733,-22.076476313051806
18,16,660.9772209465834,875.2908563549984,-17.92557658718329,-17.893519274813112
18,17,660.8064683564528,773.6293037985128,-10.302992484522184,-10.311900505519427
18,18,660.3827197543649,659.6474480158226,-4.087748793494889,-4.093703548870354
18,19,660.0742289215733,467.9569089637402,-2.114967431766537,-2.127559476585558
19,0,468.09003256237577,277.96438462056886,-1.7400531424209473,-1.7349895223427507
19,1,468.0565678894211,285.22156421950297,-1.830178167329964,-1.8376612775762549
19,2,468.0644105796297,361.8334310551812,-1.0549453357520733,-1.0535348424752273
19,3,468.1240850777942,399.4066726160137,0.13524238838864827,0.13183390613752996
19,4,468.1573172207592,426.0084983888576,1.1551004239147356,1.172674040314421
19,5,468.1236653352169,462.22096773556797,1.8013149958984018,1.801702954120783
19,6,468.16239678572,454.171259276515,2.72708487186242,2.7414123785301032
19,7,468.2503393820073,412.1860887315181,4.464093414462206,4.453025432107374
19,8,468.39145623971586,428.3164061415316,6.829972291279619,6.847509568088247
19,9,468.6921219283288,374.74531689265046,7.895604825975096,7.881622157737954
19,10,468.76346257458476,263.19372985238545,5.04710774572115,5.055231532924211
19,11,468.90581890382555,237.31176573493462,-0.891436452617122,-0.8879820674615875
19,12,468.59078436586174,358.48020128836146,-6.037845053155413,-6.000482127917981
19,13,468.95315195906267,609.3674325602502,-9.052365973586737,-9.05415932772841
19,14,468.7400390088351,843.0080596785723,-9.952851224053127,-9.898724792897301
19,15,468.5796028691846,919.9706678118877,-9.498229675102056,-9.50415300299266
19,16,468.4302537985017,874.6998272911486,-7.661326913119656,-7.642272438229135
19,17,468.26148996223475,773.3601970238042,-4.25906318605638,-4.300881543262341
19,18,468.22175634909536,659.534912235371,-1.5267159776890662,-1.4960236240730889
19,19,468.1666643776829,467.6810711152642,-0.9931874465054351,-0.9767882443934188
